<?xml version="1.0" encoding="UTF-8"?>
<export version="D">
  <design>
    <source>C:\Users\Augusto\Documents\Projetos\Megadrive\Cartucho\Clone\Genesis-FeRAM-Cart\Cart_FeRAM\Cart_FeRAM.sch</source>
    <date>17/09/2020 00:39:57</date>
    <tool>Eeschema (5.1.4)-1</tool>
    <sheet number="1" name="/" tstamps="/">
      <title_block>
        <title/>
        <company/>
        <rev/>
        <date/>
        <source>Cart_FeRAM.sch</source>
        <comment number="1" value=""/>
        <comment number="2" value=""/>
        <comment number="3" value=""/>
        <comment number="4" value=""/>
      </title_block>
    </sheet>
  </design>
  <components>
    <comp ref="CON1">
      <value>GENESIS-EDGE</value>
      <footprint>db-smt:GENESIS-EDGE</footprint>
      <libsource lib="Cart_FeRAM" part="GENESIS-EDGE" description="GENESIS PCB EDGE"/>
      <sheetpath names="/" tstamps="/"/>
      <tstamp>5F016D88</tstamp>
    </comp>
    <comp ref="U4">
      <value>27C322</value>
      <footprint>Package_DIP:DIP-42_W15.24mm_Socket</footprint>
      <libsource lib="Cart_FeRAM" part="27C322" description=""/>
      <sheetpath names="/" tstamps="/"/>
      <tstamp>5F0188CC</tstamp>
    </comp>
    <comp ref="U3">
      <value>74LS139</value>
      <footprint>Package_DIP:DIP-16_W7.62mm</footprint>
      <libsource lib="74xx_IEEE" part="74LS139" description=""/>
      <sheetpath names="/" tstamps="/"/>
      <tstamp>5F019BFD</tstamp>
    </comp>
    <comp ref="U1">
      <value>74HC74</value>
      <footprint>Package_DIP:DIP-14_W7.62mm</footprint>
      <datasheet>74xx/74hc_hct74.pdf</datasheet>
      <libsource lib="74xx" part="74HC74" description="Dual D Flip-flop, Set &amp; Reset"/>
      <sheetpath names="/" tstamps="/"/>
      <tstamp>5F01C631</tstamp>
    </comp>
    <comp ref="U2">
      <value>FM1808B-SG</value>
      <footprint>Package_SO:SOIC-28W_7.5x17.9mm_P1.27mm</footprint>
      <datasheet>http://www.cypress.com/file/136521/download</datasheet>
      <libsource lib="Memory_NVRAM" part="FM1808B-SG" description="256k FRAM nonvolatile memory, SOIC-28"/>
      <sheetpath names="/" tstamps="/"/>
      <tstamp>5F03D26D</tstamp>
    </comp>
    <comp ref="J1">
      <value>Conn_01x32_Male</value>
      <footprint>Connector_PinSocket_2.54mm:PinSocket_1x32_P2.54mm_Vertical</footprint>
      <datasheet>~</datasheet>
      <libsource lib="Connector" part="Conn_01x32_Male" description="Generic connector, single row, 01x32, script generated (kicad-library-utils/schlib/autogen/connector/)"/>
      <sheetpath names="/" tstamps="/"/>
      <tstamp>5F046D28</tstamp>
    </comp>
    <comp ref="J2">
      <value>Conn_01x32_Male</value>
      <footprint>Connector_PinSocket_2.54mm:PinSocket_1x32_P2.54mm_Vertical</footprint>
      <datasheet>~</datasheet>
      <libsource lib="Connector" part="Conn_01x32_Male" description="Generic connector, single row, 01x32, script generated (kicad-library-utils/schlib/autogen/connector/)"/>
      <sheetpath names="/" tstamps="/"/>
      <tstamp>5F056D11</tstamp>
    </comp>
    <comp ref="C1">
      <value>C</value>
      <footprint>Connector_PinHeader_2.54mm:PinHeader_1x02_P2.54mm_Vertical</footprint>
      <datasheet>~</datasheet>
      <libsource lib="Device" part="C" description="Unpolarized capacitor"/>
      <sheetpath names="/" tstamps="/"/>
      <tstamp>5F0C91E2</tstamp>
    </comp>
    <comp ref="C2">
      <value>C</value>
      <footprint>Connector_PinHeader_2.54mm:PinHeader_1x02_P2.54mm_Vertical</footprint>
      <datasheet>~</datasheet>
      <libsource lib="Device" part="C" description="Unpolarized capacitor"/>
      <sheetpath names="/" tstamps="/"/>
      <tstamp>5F0C9F26</tstamp>
    </comp>
    <comp ref="C3">
      <value>C</value>
      <footprint>Connector_PinHeader_2.54mm:PinHeader_1x02_P2.54mm_Vertical</footprint>
      <datasheet>~</datasheet>
      <libsource lib="Device" part="C" description="Unpolarized capacitor"/>
      <sheetpath names="/" tstamps="/"/>
      <tstamp>5F0CA28F</tstamp>
    </comp>
    <comp ref="C4">
      <value>C</value>
      <footprint>Connector_PinHeader_2.54mm:PinHeader_1x02_P2.54mm_Vertical</footprint>
      <datasheet>~</datasheet>
      <libsource lib="Device" part="C" description="Unpolarized capacitor"/>
      <sheetpath names="/" tstamps="/"/>
      <tstamp>5F0CA479</tstamp>
    </comp>
    <comp ref="C5">
      <value>C</value>
      <footprint>Connector_PinHeader_2.54mm:PinHeader_1x02_P2.54mm_Vertical</footprint>
      <datasheet>~</datasheet>
      <libsource lib="Device" part="C" description="Unpolarized capacitor"/>
      <sheetpath names="/" tstamps="/"/>
      <tstamp>5F0CA687</tstamp>
    </comp>
    <comp ref="C6">
      <value>C</value>
      <footprint>Connector_PinHeader_2.54mm:PinHeader_1x02_P2.54mm_Vertical</footprint>
      <datasheet>~</datasheet>
      <libsource lib="Device" part="C" description="Unpolarized capacitor"/>
      <sheetpath names="/" tstamps="/"/>
      <tstamp>5F0CA8A6</tstamp>
    </comp>
    <comp ref="SW1">
      <value>SW_DIP_x04</value>
      <footprint>Button_Switch_THT:SW_DIP_SPSTx04_Slide_9.78x12.34mm_W7.62mm_P2.54mm</footprint>
      <datasheet>~</datasheet>
      <libsource lib="Switch" part="SW_DIP_x04" description="4x DIP Switch, Single Pole Single Throw (SPST) switch, small symbol"/>
      <sheetpath names="/" tstamps="/"/>
      <tstamp>5F0F8228</tstamp>
    </comp>
    <comp ref="JP1">
      <value>&lt;2M/4M</value>
      <footprint>Jumper:SolderJumper-3_P1.3mm_Open_Pad1.0x1.5mm</footprint>
      <datasheet>~</datasheet>
      <libsource lib="Jumper" part="Jumper_3_Open" description="Jumper, 3-pole, both open"/>
      <sheetpath names="/" tstamps="/"/>
      <tstamp>5F265977</tstamp>
    </comp>
    <comp ref="R4">
      <value>1K</value>
      <footprint>Resistor_THT:R_Axial_DIN0207_L6.3mm_D2.5mm_P7.62mm_Horizontal</footprint>
      <datasheet>~</datasheet>
      <libsource lib="Device" part="R" description="Resistor"/>
      <sheetpath names="/" tstamps="/"/>
      <tstamp>5F27A4E9</tstamp>
    </comp>
    <comp ref="R3">
      <value>1K</value>
      <footprint>Resistor_THT:R_Axial_DIN0207_L6.3mm_D2.5mm_P7.62mm_Horizontal</footprint>
      <datasheet>~</datasheet>
      <libsource lib="Device" part="R" description="Resistor"/>
      <sheetpath names="/" tstamps="/"/>
      <tstamp>5F27BC05</tstamp>
    </comp>
    <comp ref="R2">
      <value>1K</value>
      <footprint>Resistor_THT:R_Axial_DIN0207_L6.3mm_D2.5mm_P7.62mm_Horizontal</footprint>
      <datasheet>~</datasheet>
      <libsource lib="Device" part="R" description="Resistor"/>
      <sheetpath names="/" tstamps="/"/>
      <tstamp>5F27BDA1</tstamp>
    </comp>
    <comp ref="R1">
      <value>1K</value>
      <footprint>Resistor_THT:R_Axial_DIN0207_L6.3mm_D2.5mm_P7.62mm_Horizontal</footprint>
      <datasheet>~</datasheet>
      <libsource lib="Device" part="R" description="Resistor"/>
      <sheetpath names="/" tstamps="/"/>
      <tstamp>5F27BF34</tstamp>
    </comp>
  </components>
  <libparts>
    <libpart lib="74xx" part="74LS74">
      <aliases>
        <alias>74HC74</alias>
      </aliases>
      <description>Dual D Flip-flop, Set &amp; Reset</description>
      <docs>74xx/74hc_hct74.pdf</docs>
      <footprints>
        <fp>DIP*W7.62mm*</fp>
      </footprints>
      <fields>
        <field name="Reference">U</field>
        <field name="Value">74LS74</field>
      </fields>
      <pins>
        <pin num="1" name="~R" type="input"/>
        <pin num="2" name="D" type="input"/>
        <pin num="3" name="C" type="input"/>
        <pin num="4" name="~S" type="input"/>
        <pin num="5" name="Q" type="output"/>
        <pin num="6" name="~Q" type="output"/>
        <pin num="7" name="GND" type="power_in"/>
        <pin num="8" name="~Q" type="output"/>
        <pin num="9" name="Q" type="output"/>
        <pin num="10" name="~S" type="input"/>
        <pin num="11" name="C" type="input"/>
        <pin num="12" name="D" type="input"/>
        <pin num="13" name="~R" type="input"/>
        <pin num="14" name="VCC" type="power_in"/>
      </pins>
    </libpart>
    <libpart lib="74xx_IEEE" part="74LS139">
      <fields>
        <field name="Reference">U</field>
        <field name="Value">74LS139</field>
      </fields>
      <pins>
        <pin num="1" name="~EN" type="input"/>
        <pin num="2" name="B" type="input"/>
        <pin num="3" name="A" type="input"/>
        <pin num="4" name="~Q0" type="output"/>
        <pin num="5" name="~Q1" type="output"/>
        <pin num="6" name="~Q2" type="output"/>
        <pin num="7" name="~Q3" type="output"/>
        <pin num="8" name="GND" type="power_in"/>
        <pin num="9" name="~Q3" type="output"/>
        <pin num="10" name="~Q2" type="output"/>
        <pin num="11" name="~Q1" type="output"/>
        <pin num="12" name="~Q0" type="output"/>
        <pin num="13" name="A" type="input"/>
        <pin num="14" name="B" type="input"/>
        <pin num="15" name="~EN" type="input"/>
        <pin num="16" name="VCC" type="power_in"/>
      </pins>
    </libpart>
    <libpart lib="Cart_FeRAM" part="27C322">
      <fields>
        <field name="Reference">U</field>
        <field name="Value">27C322</field>
      </fields>
      <pins>
        <pin num="1" name="A18" type="input"/>
        <pin num="2" name="A17" type="input"/>
        <pin num="3" name="A7" type="input"/>
        <pin num="4" name="A6" type="input"/>
        <pin num="5" name="A5" type="input"/>
        <pin num="6" name="A4" type="input"/>
        <pin num="7" name="A3" type="input"/>
        <pin num="8" name="A2" type="input"/>
        <pin num="9" name="A1" type="input"/>
        <pin num="10" name="A0" type="input"/>
        <pin num="11" name="~E" type="input"/>
        <pin num="12" name="GND" type="power_in"/>
        <pin num="13" name="~GVPP" type="input"/>
        <pin num="14" name="D0" type="3state"/>
        <pin num="15" name="D8" type="3state"/>
        <pin num="16" name="D1" type="3state"/>
        <pin num="17" name="D9" type="3state"/>
        <pin num="18" name="D2" type="3state"/>
        <pin num="19" name="D10" type="3state"/>
        <pin num="20" name="D3" type="3state"/>
        <pin num="21" name="D11" type="3state"/>
        <pin num="22" name="VCC" type="power_in"/>
        <pin num="23" name="D4" type="3state"/>
        <pin num="24" name="D12" type="3state"/>
        <pin num="25" name="D5" type="3state"/>
        <pin num="26" name="D13" type="3state"/>
        <pin num="27" name="D6" type="3state"/>
        <pin num="28" name="D14" type="3state"/>
        <pin num="29" name="D7" type="3state"/>
        <pin num="30" name="D15" type="3state"/>
        <pin num="31" name="GND" type="power_in"/>
        <pin num="32" name="A20" type="input"/>
        <pin num="33" name="A16" type="input"/>
        <pin num="34" name="A15" type="input"/>
        <pin num="35" name="A14" type="input"/>
        <pin num="36" name="A13" type="input"/>
        <pin num="37" name="A12" type="input"/>
        <pin num="38" name="A11" type="input"/>
        <pin num="39" name="A10" type="input"/>
        <pin num="40" name="A9" type="input"/>
        <pin num="41" name="A8" type="input"/>
        <pin num="42" name="A19" type="input"/>
      </pins>
    </libpart>
    <libpart lib="Cart_FeRAM" part="GENESIS-EDGE">
      <description>GENESIS PCB EDGE</description>
      <fields>
        <field name="Reference">CON</field>
        <field name="Value">GENESIS-EDGE</field>
        <field name="Footprint">db-smt:GENESIS-EDGE</field>
      </fields>
      <pins>
        <pin num="A1" name="GND" type="passive"/>
        <pin num="A2" name="+5V" type="passive"/>
        <pin num="A3" name="A8" type="passive"/>
        <pin num="A4" name="A11" type="passive"/>
        <pin num="A5" name="A7" type="passive"/>
        <pin num="A6" name="A12" type="passive"/>
        <pin num="A7" name="A6" type="passive"/>
        <pin num="A8" name="A13" type="passive"/>
        <pin num="A9" name="A5" type="passive"/>
        <pin num="A10" name="A14" type="passive"/>
        <pin num="A11" name="A4" type="passive"/>
        <pin num="A12" name="A15" type="passive"/>
        <pin num="A13" name="A3" type="passive"/>
        <pin num="A14" name="A16" type="passive"/>
        <pin num="A15" name="A2" type="passive"/>
        <pin num="A16" name="A17" type="passive"/>
        <pin num="A17" name="A1" type="passive"/>
        <pin num="A18" name="GND" type="passive"/>
        <pin num="A19" name="D7" type="passive"/>
        <pin num="A20" name="D0" type="passive"/>
        <pin num="A21" name="D8" type="passive"/>
        <pin num="A22" name="D6" type="passive"/>
        <pin num="A23" name="D1" type="passive"/>
        <pin num="A24" name="D9" type="passive"/>
        <pin num="A25" name="D5" type="passive"/>
        <pin num="A26" name="D2" type="passive"/>
        <pin num="A27" name="D10" type="passive"/>
        <pin num="A28" name="D4" type="passive"/>
        <pin num="A29" name="D3" type="passive"/>
        <pin num="A30" name="D11" type="passive"/>
        <pin num="A31" name="+5V" type="passive"/>
        <pin num="A32" name="GND" type="passive"/>
        <pin num="B1" name="~SL1" type="passive"/>
        <pin num="B2" name="~MRES" type="passive"/>
        <pin num="B3" name="~SR1" type="passive"/>
        <pin num="B4" name="A9" type="passive"/>
        <pin num="B5" name="A10" type="passive"/>
        <pin num="B6" name="A18" type="passive"/>
        <pin num="B7" name="A19" type="passive"/>
        <pin num="B8" name="A20" type="passive"/>
        <pin num="B9" name="A21" type="passive"/>
        <pin num="B10" name="A22" type="passive"/>
        <pin num="B11" name="A23" type="passive"/>
        <pin num="B12" name="Video" type="passive"/>
        <pin num="B13" name="VSync" type="passive"/>
        <pin num="B14" name="HSync" type="passive"/>
        <pin num="B15" name="EDCLK" type="passive"/>
        <pin num="B16" name="~OE" type="passive"/>
        <pin num="B17" name="~CE" type="passive"/>
        <pin num="B18" name="~AS" type="passive"/>
        <pin num="B19" name="VCLK" type="passive"/>
        <pin num="B20" name="~DTACK" type="passive"/>
        <pin num="B21" name="~CAS2" type="passive"/>
        <pin num="B22" name="D15" type="passive"/>
        <pin num="B23" name="D14" type="passive"/>
        <pin num="B24" name="D13" type="passive"/>
        <pin num="B25" name="D12" type="passive"/>
        <pin num="B26" name="~ASEL" type="passive"/>
        <pin num="B27" name="~VRES" type="passive"/>
        <pin num="B28" name="~LWR" type="passive"/>
        <pin num="B29" name="~UWR" type="passive"/>
        <pin num="B30" name="~M3" type="passive"/>
        <pin num="B31" name="~TIME" type="passive"/>
        <pin num="B32" name="~CART" type="passive"/>
      </pins>
    </libpart>
    <libpart lib="Connector" part="Conn_01x32_Male">
      <description>Generic connector, single row, 01x32, script generated (kicad-library-utils/schlib/autogen/connector/)</description>
      <docs>~</docs>
      <footprints>
        <fp>Connector*:*_1x??_*</fp>
      </footprints>
      <fields>
        <field name="Reference">J</field>
        <field name="Value">Conn_01x32_Male</field>
      </fields>
      <pins>
        <pin num="1" name="Pin_1" type="passive"/>
        <pin num="2" name="Pin_2" type="passive"/>
        <pin num="3" name="Pin_3" type="passive"/>
        <pin num="4" name="Pin_4" type="passive"/>
        <pin num="5" name="Pin_5" type="passive"/>
        <pin num="6" name="Pin_6" type="passive"/>
        <pin num="7" name="Pin_7" type="passive"/>
        <pin num="8" name="Pin_8" type="passive"/>
        <pin num="9" name="Pin_9" type="passive"/>
        <pin num="10" name="Pin_10" type="passive"/>
        <pin num="11" name="Pin_11" type="passive"/>
        <pin num="12" name="Pin_12" type="passive"/>
        <pin num="13" name="Pin_13" type="passive"/>
        <pin num="14" name="Pin_14" type="passive"/>
        <pin num="15" name="Pin_15" type="passive"/>
        <pin num="16" name="Pin_16" type="passive"/>
        <pin num="17" name="Pin_17" type="passive"/>
        <pin num="18" name="Pin_18" type="passive"/>
        <pin num="19" name="Pin_19" type="passive"/>
        <pin num="20" name="Pin_20" type="passive"/>
        <pin num="21" name="Pin_21" type="passive"/>
        <pin num="22" name="Pin_22" type="passive"/>
        <pin num="23" name="Pin_23" type="passive"/>
        <pin num="24" name="Pin_24" type="passive"/>
        <pin num="25" name="Pin_25" type="passive"/>
        <pin num="26" name="Pin_26" type="passive"/>
        <pin num="27" name="Pin_27" type="passive"/>
        <pin num="28" name="Pin_28" type="passive"/>
        <pin num="29" name="Pin_29" type="passive"/>
        <pin num="30" name="Pin_30" type="passive"/>
        <pin num="31" name="Pin_31" type="passive"/>
        <pin num="32" name="Pin_32" type="passive"/>
      </pins>
    </libpart>
    <libpart lib="Device" part="C">
      <description>Unpolarized capacitor</description>
      <docs>~</docs>
      <footprints>
        <fp>C_*</fp>
      </footprints>
      <fields>
        <field name="Reference">C</field>
        <field name="Value">C</field>
      </fields>
      <pins>
        <pin num="1" name="~" type="passive"/>
        <pin num="2" name="~" type="passive"/>
      </pins>
    </libpart>
    <libpart lib="Device" part="R">
      <description>Resistor</description>
      <docs>~</docs>
      <footprints>
        <fp>R_*</fp>
      </footprints>
      <fields>
        <field name="Reference">R</field>
        <field name="Value">R</field>
      </fields>
      <pins>
        <pin num="1" name="~" type="passive"/>
        <pin num="2" name="~" type="passive"/>
      </pins>
    </libpart>
    <libpart lib="Jumper" part="Jumper_3_Open">
      <description>Jumper, 3-pole, both open</description>
      <docs>~</docs>
      <footprints>
        <fp>SolderJumper*Open*</fp>
      </footprints>
      <fields>
        <field name="Reference">JP</field>
        <field name="Value">Jumper_3_Open</field>
      </fields>
      <pins>
        <pin num="1" name="A" type="passive"/>
        <pin num="2" name="C" type="input"/>
        <pin num="3" name="B" type="passive"/>
      </pins>
    </libpart>
    <libpart lib="Memory_NVRAM" part="FM18W08-SG">
      <aliases>
        <alias>FM1808B-SG</alias>
      </aliases>
      <description>256k FRAM nonvolatile memory, SOIC-28</description>
      <docs>http://www.cypress.com/file/136521/download</docs>
      <footprints>
        <fp>SOIC*7.5x17.9mm*P1.27mm*</fp>
      </footprints>
      <fields>
        <field name="Reference">U</field>
        <field name="Value">FM18W08-SG</field>
        <field name="Footprint">Package_SO:SOIC-28W_7.5x17.9mm_P1.27mm</field>
      </fields>
      <pins>
        <pin num="1" name="A14" type="input"/>
        <pin num="2" name="A12" type="input"/>
        <pin num="3" name="A7" type="input"/>
        <pin num="4" name="A6" type="input"/>
        <pin num="5" name="A5" type="input"/>
        <pin num="6" name="A4" type="input"/>
        <pin num="7" name="A3" type="input"/>
        <pin num="8" name="A2" type="input"/>
        <pin num="9" name="A1" type="input"/>
        <pin num="10" name="A0" type="input"/>
        <pin num="11" name="DQ0" type="BiDi"/>
        <pin num="12" name="DQ1" type="BiDi"/>
        <pin num="13" name="DQ2" type="BiDi"/>
        <pin num="14" name="VSS" type="power_in"/>
        <pin num="15" name="DQ3" type="BiDi"/>
        <pin num="16" name="DQ4" type="BiDi"/>
        <pin num="17" name="DQ5" type="BiDi"/>
        <pin num="18" name="DQ6" type="BiDi"/>
        <pin num="19" name="DQ7" type="BiDi"/>
        <pin num="20" name="~CE~" type="input"/>
        <pin num="21" name="A10" type="input"/>
        <pin num="22" name="~OE~" type="input"/>
        <pin num="23" name="A11" type="input"/>
        <pin num="24" name="A9" type="input"/>
        <pin num="25" name="A8" type="input"/>
        <pin num="26" name="A13" type="input"/>
        <pin num="27" name="~WE~" type="input"/>
        <pin num="28" name="VDD" type="power_in"/>
      </pins>
    </libpart>
    <libpart lib="Switch" part="SW_DIP_x04">
      <description>4x DIP Switch, Single Pole Single Throw (SPST) switch, small symbol</description>
      <docs>~</docs>
      <footprints>
        <fp>SW?DIP?x4*</fp>
      </footprints>
      <fields>
        <field name="Reference">SW</field>
        <field name="Value">SW_DIP_x04</field>
      </fields>
      <pins>
        <pin num="1" name="~" type="passive"/>
        <pin num="2" name="~" type="passive"/>
        <pin num="3" name="~" type="passive"/>
        <pin num="4" name="~" type="passive"/>
        <pin num="5" name="~" type="passive"/>
        <pin num="6" name="~" type="passive"/>
        <pin num="7" name="~" type="passive"/>
        <pin num="8" name="~" type="passive"/>
      </pins>
    </libpart>
  </libparts>
  <libraries>
    <library logical="74xx">
      <uri>C:\Program Files\KiCad\share\kicad\library/74xx.lib</uri>
    </library>
    <library logical="74xx_IEEE">
      <uri>C:\Program Files\KiCad\share\kicad\library/74xx_IEEE.lib</uri>
    </library>
    <library logical="Cart_FeRAM">
      <uri>C:\Users\Augusto\Documents\Projetos\Megadrive\Cartucho\Clone\Genesis-FeRAM-Cart\Cart_FeRAM/Cart_FeRAM.lib</uri>
    </library>
    <library logical="Connector">
      <uri>C:\Program Files\KiCad\share\kicad\library/Connector.lib</uri>
    </library>
    <library logical="Device">
      <uri>C:\Program Files\KiCad\share\kicad\library/Device.lib</uri>
    </library>
    <library logical="Jumper">
      <uri>C:\Program Files\KiCad\share\kicad\library/Jumper.lib</uri>
    </library>
    <library logical="Memory_NVRAM">
      <uri>C:\Program Files\KiCad\share\kicad\library/Memory_NVRAM.lib</uri>
    </library>
    <library logical="Switch">
      <uri>C:\Program Files\KiCad\share\kicad\library/Switch.lib</uri>
    </library>
  </libraries>
  <nets>
    <net code="1" name="Net-(CON1-PadB15)">
      <node ref="J2" pin="18"/>
      <node ref="CON1" pin="B15"/>
    </net>
    <net code="2" name="Net-(CON1-PadB21)">
      <node ref="CON1" pin="B21"/>
      <node ref="J2" pin="12"/>
    </net>
    <net code="3" name="Net-(CON1-PadB20)">
      <node ref="J2" pin="13"/>
      <node ref="CON1" pin="B20"/>
    </net>
    <net code="4" name="Net-(CON1-PadB19)">
      <node ref="J2" pin="14"/>
      <node ref="CON1" pin="B19"/>
    </net>
    <net code="5" name="Net-(CON1-PadB18)">
      <node ref="CON1" pin="B18"/>
      <node ref="J2" pin="15"/>
    </net>
    <net code="6" name="/CE">
      <node ref="U3" pin="15"/>
      <node ref="J2" pin="16"/>
      <node ref="CON1" pin="B17"/>
    </net>
    <net code="7" name="/OE">
      <node ref="U2" pin="22"/>
      <node ref="J2" pin="17"/>
      <node ref="U4" pin="13"/>
      <node ref="CON1" pin="B16"/>
    </net>
    <net code="8" name="Net-(CON1-PadB14)">
      <node ref="CON1" pin="B14"/>
      <node ref="J2" pin="19"/>
    </net>
    <net code="9" name="/TIME">
      <node ref="J2" pin="2"/>
      <node ref="U1" pin="3"/>
      <node ref="CON1" pin="B31"/>
    </net>
    <net code="10" name="Net-(CON1-PadB13)">
      <node ref="J2" pin="20"/>
      <node ref="CON1" pin="B13"/>
    </net>
    <net code="11" name="Net-(CON1-PadB12)">
      <node ref="CON1" pin="B12"/>
      <node ref="J2" pin="21"/>
    </net>
    <net code="12" name="Net-(CON1-PadB11)">
      <node ref="CON1" pin="B11"/>
      <node ref="J2" pin="22"/>
    </net>
    <net code="13" name="Net-(CON1-PadB10)">
      <node ref="CON1" pin="B10"/>
      <node ref="J2" pin="23"/>
    </net>
    <net code="14" name="/D9">
      <node ref="U4" pin="17"/>
      <node ref="CON1" pin="A24"/>
      <node ref="J1" pin="24"/>
    </net>
    <net code="15" name="/D8">
      <node ref="CON1" pin="A21"/>
      <node ref="J1" pin="21"/>
      <node ref="U4" pin="15"/>
    </net>
    <net code="16" name="/D10">
      <node ref="CON1" pin="A27"/>
      <node ref="J1" pin="27"/>
      <node ref="U4" pin="19"/>
    </net>
    <net code="17" name="/D11">
      <node ref="U4" pin="21"/>
      <node ref="CON1" pin="A30"/>
      <node ref="J1" pin="30"/>
    </net>
    <net code="18" name="Net-(CON1-PadB30)">
      <node ref="J2" pin="3"/>
      <node ref="CON1" pin="B30"/>
    </net>
    <net code="19" name="Net-(CON1-PadB3)">
      <node ref="J2" pin="30"/>
      <node ref="CON1" pin="B3"/>
    </net>
    <net code="20" name="Net-(CON1-PadB2)">
      <node ref="J2" pin="31"/>
      <node ref="CON1" pin="B2"/>
    </net>
    <net code="21" name="Net-(CON1-PadB1)">
      <node ref="J2" pin="32"/>
      <node ref="CON1" pin="B1"/>
    </net>
    <net code="22" name="Net-(CON1-PadB29)">
      <node ref="J2" pin="4"/>
      <node ref="CON1" pin="B29"/>
    </net>
    <net code="23" name="/A15">
      <node ref="U4" pin="34"/>
      <node ref="CON1" pin="A14"/>
      <node ref="J1" pin="14"/>
    </net>
    <net code="24" name="Net-(CON1-PadB26)">
      <node ref="J2" pin="7"/>
      <node ref="CON1" pin="B26"/>
    </net>
    <net code="25" name="+5V">
      <node ref="J1" pin="31"/>
      <node ref="C4" pin="1"/>
      <node ref="C5" pin="1"/>
      <node ref="C6" pin="1"/>
      <node ref="C1" pin="1"/>
      <node ref="R4" pin="1"/>
      <node ref="R3" pin="1"/>
      <node ref="CON1" pin="A31"/>
      <node ref="U2" pin="28"/>
      <node ref="U3" pin="16"/>
      <node ref="U1" pin="4"/>
      <node ref="R2" pin="1"/>
      <node ref="U3" pin="16"/>
      <node ref="U4" pin="22"/>
      <node ref="C2" pin="1"/>
      <node ref="CON1" pin="A2"/>
      <node ref="J1" pin="2"/>
      <node ref="R1" pin="1"/>
      <node ref="C3" pin="1"/>
      <node ref="U1" pin="14"/>
    </net>
    <net code="26" name="/CART_A17">
      <node ref="J2" pin="27"/>
      <node ref="SW1" pin="1"/>
      <node ref="CON1" pin="B6"/>
    </net>
    <net code="27" name="/CART_A18">
      <node ref="SW1" pin="2"/>
      <node ref="CON1" pin="B7"/>
      <node ref="J2" pin="26"/>
    </net>
    <net code="28" name="/CART_A19">
      <node ref="CON1" pin="B8"/>
      <node ref="J2" pin="25"/>
      <node ref="SW1" pin="3"/>
    </net>
    <net code="29" name="/CART_A20">
      <node ref="J2" pin="24"/>
      <node ref="JP1" pin="1"/>
      <node ref="U3" pin="2"/>
      <node ref="SW1" pin="4"/>
      <node ref="CON1" pin="B9"/>
    </net>
    <net code="30" name="/A20">
      <node ref="SW1" pin="5"/>
      <node ref="R4" pin="2"/>
      <node ref="U4" pin="32"/>
    </net>
    <net code="31" name="/A19">
      <node ref="U4" pin="42"/>
      <node ref="SW1" pin="6"/>
      <node ref="R3" pin="2"/>
    </net>
    <net code="32" name="GND">
      <node ref="U3" pin="8"/>
      <node ref="C2" pin="2"/>
      <node ref="U3" pin="1"/>
      <node ref="C4" pin="2"/>
      <node ref="C5" pin="2"/>
      <node ref="C1" pin="2"/>
      <node ref="CON1" pin="A32"/>
      <node ref="C6" pin="2"/>
      <node ref="U1" pin="7"/>
      <node ref="CON1" pin="A18"/>
      <node ref="U3" pin="8"/>
      <node ref="C3" pin="2"/>
      <node ref="U4" pin="12"/>
      <node ref="J1" pin="32"/>
      <node ref="CON1" pin="B32"/>
      <node ref="J1" pin="1"/>
      <node ref="U2" pin="14"/>
      <node ref="J1" pin="18"/>
      <node ref="U4" pin="31"/>
      <node ref="J2" pin="1"/>
      <node ref="CON1" pin="A1"/>
    </net>
    <net code="33" name="/A18">
      <node ref="U4" pin="1"/>
      <node ref="SW1" pin="7"/>
      <node ref="R2" pin="2"/>
    </net>
    <net code="34" name="/A17">
      <node ref="SW1" pin="8"/>
      <node ref="R1" pin="2"/>
      <node ref="U4" pin="2"/>
    </net>
    <net code="35" name="Net-(JP1-Pad3)">
      <node ref="U1" pin="5"/>
      <node ref="JP1" pin="3"/>
    </net>
    <net code="38" name="Net-(U1-Pad13)">
      <node ref="U1" pin="13"/>
    </net>
    <net code="39" name="Net-(U1-Pad11)">
      <node ref="U1" pin="11"/>
    </net>
    <net code="40" name="Net-(U1-Pad12)">
      <node ref="U1" pin="12"/>
    </net>
    <net code="41" name="Net-(U1-Pad10)">
      <node ref="U1" pin="10"/>
    </net>
    <net code="42" name="/A16">
      <node ref="J1" pin="16"/>
      <node ref="U4" pin="33"/>
      <node ref="CON1" pin="A16"/>
    </net>
    <net code="43" name="/D12">
      <node ref="CON1" pin="B25"/>
      <node ref="U4" pin="24"/>
      <node ref="J2" pin="8"/>
    </net>
    <net code="44" name="/D13">
      <node ref="U4" pin="26"/>
      <node ref="J2" pin="9"/>
      <node ref="CON1" pin="B24"/>
    </net>
    <net code="45" name="/D14">
      <node ref="J2" pin="10"/>
      <node ref="CON1" pin="B23"/>
      <node ref="U4" pin="28"/>
    </net>
    <net code="46" name="/D15">
      <node ref="J2" pin="11"/>
      <node ref="CON1" pin="B22"/>
      <node ref="U4" pin="30"/>
    </net>
    <net code="47" name="Net-(U1-Pad6)">
      <node ref="U1" pin="6"/>
    </net>
    <net code="48" name="/RESET">
      <node ref="J2" pin="6"/>
      <node ref="U1" pin="1"/>
      <node ref="CON1" pin="B27"/>
    </net>
    <net code="49" name="Net-(U1-Pad8)">
      <node ref="U1" pin="8"/>
    </net>
    <net code="50" name="Net-(U1-Pad9)">
      <node ref="U1" pin="9"/>
    </net>
    <net code="51" name="Net-(U3-Pad6)">
      <node ref="U3" pin="6"/>
    </net>
    <net code="52" name="Net-(U3-Pad5)">
      <node ref="U3" pin="5"/>
    </net>
    <net code="53" name="Net-(U3-Pad4)">
      <node ref="U3" pin="4"/>
    </net>
    <net code="54" name="Net-(JP1-Pad2)">
      <node ref="U3" pin="3"/>
      <node ref="JP1" pin="2"/>
    </net>
    <net code="55" name="Net-(U3-Pad10)">
      <node ref="U3" pin="10"/>
    </net>
    <net code="56" name="Net-(U3-Pad11)">
      <node ref="U3" pin="11"/>
    </net>
    <net code="57" name="/A0">
      <node ref="J1" pin="17"/>
      <node ref="U4" pin="10"/>
      <node ref="U2" pin="10"/>
      <node ref="CON1" pin="A17"/>
    </net>
    <net code="58" name="/ROM_CE">
      <node ref="U4" pin="11"/>
      <node ref="U3" pin="9"/>
    </net>
    <net code="59" name="Net-(U3-Pad13)">
      <node ref="U3" pin="14"/>
      <node ref="U3" pin="7"/>
      <node ref="U3" pin="13"/>
    </net>
    <net code="60" name="/A4">
      <node ref="U2" pin="6"/>
      <node ref="J1" pin="9"/>
      <node ref="U4" pin="6"/>
      <node ref="CON1" pin="A9"/>
    </net>
    <net code="61" name="/A9">
      <node ref="J2" pin="28"/>
      <node ref="CON1" pin="B5"/>
      <node ref="U4" pin="40"/>
      <node ref="U2" pin="24"/>
    </net>
    <net code="62" name="/A8">
      <node ref="J2" pin="29"/>
      <node ref="U4" pin="41"/>
      <node ref="U2" pin="25"/>
      <node ref="CON1" pin="B4"/>
    </net>
    <net code="63" name="/A13">
      <node ref="CON1" pin="A10"/>
      <node ref="U4" pin="36"/>
      <node ref="J1" pin="10"/>
      <node ref="U2" pin="26"/>
    </net>
    <net code="64" name="/WE">
      <node ref="CON1" pin="B28"/>
      <node ref="J2" pin="5"/>
      <node ref="U2" pin="27"/>
    </net>
    <net code="65" name="/A7">
      <node ref="U4" pin="3"/>
      <node ref="U2" pin="3"/>
      <node ref="CON1" pin="A3"/>
      <node ref="J1" pin="3"/>
    </net>
    <net code="66" name="/A6">
      <node ref="U2" pin="4"/>
      <node ref="U4" pin="4"/>
      <node ref="CON1" pin="A5"/>
      <node ref="J1" pin="5"/>
    </net>
    <net code="67" name="/A5">
      <node ref="U2" pin="5"/>
      <node ref="U4" pin="5"/>
      <node ref="CON1" pin="A7"/>
      <node ref="J1" pin="7"/>
    </net>
    <net code="68" name="/A11">
      <node ref="U2" pin="23"/>
      <node ref="CON1" pin="A6"/>
      <node ref="J1" pin="6"/>
      <node ref="U4" pin="38"/>
    </net>
    <net code="69" name="/A3">
      <node ref="U2" pin="7"/>
      <node ref="J1" pin="11"/>
      <node ref="CON1" pin="A11"/>
      <node ref="U4" pin="7"/>
    </net>
    <net code="70" name="/A2">
      <node ref="CON1" pin="A13"/>
      <node ref="U2" pin="8"/>
      <node ref="U4" pin="8"/>
      <node ref="J1" pin="13"/>
    </net>
    <net code="71" name="/A1">
      <node ref="U2" pin="9"/>
      <node ref="U4" pin="9"/>
      <node ref="J1" pin="15"/>
      <node ref="CON1" pin="A15"/>
    </net>
    <net code="72" name="/D4">
      <node ref="J1" pin="28"/>
      <node ref="U4" pin="23"/>
      <node ref="U2" pin="16"/>
      <node ref="CON1" pin="A28"/>
    </net>
    <net code="73" name="/A14">
      <node ref="U2" pin="1"/>
      <node ref="CON1" pin="A12"/>
      <node ref="U4" pin="35"/>
      <node ref="J1" pin="12"/>
    </net>
    <net code="74" name="/D0">
      <node ref="U1" pin="2"/>
      <node ref="CON1" pin="A20"/>
      <node ref="U4" pin="14"/>
      <node ref="J1" pin="20"/>
      <node ref="U2" pin="11"/>
    </net>
    <net code="75" name="/D1">
      <node ref="U4" pin="16"/>
      <node ref="U2" pin="12"/>
      <node ref="J1" pin="23"/>
      <node ref="CON1" pin="A23"/>
    </net>
    <net code="76" name="/D2">
      <node ref="CON1" pin="A26"/>
      <node ref="J1" pin="26"/>
      <node ref="U2" pin="13"/>
      <node ref="U4" pin="18"/>
    </net>
    <net code="77" name="/D3">
      <node ref="J1" pin="29"/>
      <node ref="U2" pin="15"/>
      <node ref="U4" pin="20"/>
      <node ref="CON1" pin="A29"/>
    </net>
    <net code="78" name="/D5">
      <node ref="U4" pin="25"/>
      <node ref="CON1" pin="A25"/>
      <node ref="U2" pin="17"/>
      <node ref="J1" pin="25"/>
    </net>
    <net code="79" name="/D6">
      <node ref="U2" pin="18"/>
      <node ref="CON1" pin="A22"/>
      <node ref="U4" pin="27"/>
      <node ref="J1" pin="22"/>
    </net>
    <net code="80" name="/D7">
      <node ref="U2" pin="19"/>
      <node ref="J1" pin="19"/>
      <node ref="U4" pin="29"/>
      <node ref="CON1" pin="A19"/>
    </net>
    <net code="81" name="/A12">
      <node ref="J1" pin="8"/>
      <node ref="U4" pin="37"/>
      <node ref="U2" pin="2"/>
      <node ref="CON1" pin="A8"/>
    </net>
    <net code="82" name="/SRAM_CE">
      <node ref="U2" pin="20"/>
      <node ref="U3" pin="12"/>
    </net>
    <net code="83" name="/A10">
      <node ref="U2" pin="21"/>
      <node ref="CON1" pin="A4"/>
      <node ref="U4" pin="39"/>
      <node ref="J1" pin="4"/>
    </net>
  </nets>
</export>
